iso3,iso2,m49,name_en,name_ar,aliases,region,source_url
ABW,AW,533,Aruba,أروبا,Aruba;أروبا;AW,Americas,https://github.com/mledoze/countries
AFG,AF,004,Afghanistan,أفغانستان,Afghanistan;Islamic Republic of Afghanistan;أفغانستان;جمهورية أففانستان الإسلامية;AF;Afġānistān,Asia,https://github.com/mledoze/countries
AGO,AO,024,Angola,جمهورية أنغولا,Angola;Republic of Angola;جمهورية أنغولا;أنغولا;AO;República de Angola;ʁɛpublika de an'ɡɔla,Africa,https://github.com/mledoze/countries
AIA,AI,660,Anguilla,أنغويلا,Anguilla;أنغويلا;AI,Americas,https://github.com/mledoze/countries
ALA,AX,248,Åland Islands,جزر أولاند,Åland Islands;جزر أولاند;AX;Aaland;Aland;Ahvenanmaa,Europe,https://github.com/mledoze/countries
ALB,AL,008,Albania,ألبانيا,Albania;Republic of Albania;ألبانيا;جمهورية ألبانيا;AL;Shqipëri;Shqipëria;Shqipnia,Europe,https://github.com/mledoze/countries
AND,AD,020,Andorra,أندورا,Andorra;Principality of Andorra;أندورا;إمارة أندورا;AD;Principat d'Andorra,Europe,https://github.com/mledoze/countries
ARE,AE,784,United Arab Emirates,الإمارات,United Arab Emirates;الإمارات;الإمارات العربية المتحدة;AE;UAE;Emirates,Asia,https://github.com/mledoze/countries
ARG,AR,032,Argentina,الأرجنتين,Argentina;Argentine Republic;الأرجنتين;جمهورية الأرجنتين;AR;República Argentina,Americas,https://github.com/mledoze/countries
ARM,AM,051,Armenia,أرمينيا,Armenia;Republic of Armenia;أرمينيا;جمهورية أرمينيا;AM;Hayastan;Հայաստանի Հանրապետություն,Asia,https://github.com/mledoze/countries
ASM,AS,016,American Samoa,ساموا الأمريكية,American Samoa;ساموا الأمريكية;AS;Amerika Sāmoa;Amelika Sāmoa;Sāmoa Amelika,Oceania,https://github.com/mledoze/countries
ATA,AQ,010,Antarctica,أنتارتيكا,Antarctica;أنتارتيكا;AQ,Antarctic,https://github.com/mledoze/countries
ATF,TF,260,French Southern and Antarctic Lands,أراض فرنسية جنوبية وأنتارتيكية,French Southern and Antarctic Lands;Territory of the French Southern and Antarctic Lands;أراض فرنسية جنوبية وأنتارتيكية;مقاطعات وأقاليم ما وراء البحار الفرنسية;TF;French Southern Territories,Antarctic,https://github.com/mledoze/countries
ATG,AG,028,Antigua and Barbuda,أنتيغوا وباربودا,Antigua and Barbuda;أنتيغوا وباربودا;AG,Americas,https://github.com/mledoze/countries
AUS,AU,036,Australia,أستراليا,Australia;Commonwealth of Australia;أستراليا;كومونولث أستراليا;AU,Oceania,https://github.com/mledoze/countries
AUT,AT,040,Austria,النمسا,Austria;Republic of Austria;النمسا;جمهورية النمسا;AT;Osterreich;Oesterreich,Europe,https://github.com/mledoze/countries
AZE,AZ,031,Azerbaijan,أذربيجان,Azerbaijan;Republic of Azerbaijan;أذربيجان;جمهورية أذربيجان;AZ;Azərbaycan Respublikası,Asia,https://github.com/mledoze/countries
BDI,BI,108,Burundi,بوروندي,Burundi;Republic of Burundi;بوروندي;جمهورية بوروندي;BI;Republika y'Uburundi;République du Burundi,Africa,https://github.com/mledoze/countries
BEL,BE,056,Belgium,بلجيكا,Belgium;Kingdom of Belgium;بلجيكا;مملكة بلجيكا;BE;België;Belgie;Belgien;Belgique,Europe,https://github.com/mledoze/countries
BEN,BJ,204,Benin,بنين,Benin;Republic of Benin;بنين;جمهورية بنين;BJ;République du Bénin,Africa,https://github.com/mledoze/countries
BES,BQ,535,Caribbean Netherlands,الجزر الكاريبية الهولندية,"Caribbean Netherlands;Bonaire, Sint Eustatius and Saba;الجزر الكاريبية الهولندية;بونير وسينت أوستاتيوس وسابا;BES islands;Bonaire Sint Eustatius and Saba",Americas,https://github.com/mledoze/countries
BFA,BF,854,Burkina Faso,بوركينا فاسو,Burkina Faso;بوركينا فاسو;BF,Africa,https://github.com/mledoze/countries
BGD,BD,050,Bangladesh,بنغلاديش,Bangladesh;People's Republic of Bangladesh;بنغلاديش;جمهورية بنغلاديش الشعبية;BD;Gônôprôjatôntri Bangladesh,Asia,https://github.com/mledoze/countries
BGR,BG,100,Bulgaria,بلغاريا,Bulgaria;Republic of Bulgaria;بلغاريا;جمهورية بلغاريا;BG;Република България,Europe,https://github.com/mledoze/countries
BHR,BH,048,Bahrain,البحرين,Bahrain;Kingdom of Bahrain;البحرين;مملكة البحرين;BH;Mamlakat al-Baḥrayn,Asia,https://github.com/mledoze/countries
BHS,BS,044,Bahamas,البهاما,Bahamas;Commonwealth of the Bahamas;البهاما;كومنولث جزر البهاما;BS,Americas,https://github.com/mledoze/countries
BIH,BA,070,Bosnia and Herzegovina,البوسنة والهرسك,Bosnia and Herzegovina;البوسنة والهرسك;BA;Bosnia-Herzegovina;Босна и Херцеговина,Europe,https://github.com/mledoze/countries
BLM,BL,652,Saint Barthélemy,سان بارتليمي,Saint Barthélemy;Collectivity of Saint Barthélemy;سان بارتليمي;التجمع الإقليمي لسانت بارتيليمي;BL;St. Barthelemy;Collectivité de Saint-Barthélemy,Americas,https://github.com/mledoze/countries
BLR,BY,112,Belarus,بيلاروسيا,Belarus;Republic of Belarus;بيلاروسيا;جمهورية بيلاروسيا;BY;Bielaruś;Белоруссия;Республика Белоруссия,Europe,https://github.com/mledoze/countries
BLZ,BZ,084,Belize,بليز,Belize;بليز;BZ,Americas,https://github.com/mledoze/countries
BMU,BM,060,Bermuda,برمودا,Bermuda;برمودا;BM;The Islands of Bermuda;The Bermudas;Somers Isles,Americas,https://github.com/mledoze/countries
BOL,BO,068,Bolivia,بوليفيا,"Bolivia;Plurinational State of Bolivia;بوليفيا;دولة بوليفيا المتعددة القوميات;BO;Buliwya;Wuliwya;Bolivia, Plurinational State of",Americas,https://github.com/mledoze/countries
BRA,BR,076,Brazil,البرازيل,Brazil;Federative Republic of Brazil;البرازيل;جمهورية البرازيل الاتحادية;BR;Brasil;República Federativa do Brasil,Americas,https://github.com/mledoze/countries
BRB,BB,052,Barbados,باربادوس,Barbados;باربادوس;BB,Americas,https://github.com/mledoze/countries
BRN,BN,096,Brunei,بروناي,"Brunei;Nation of Brunei, Abode of Peace;بروناي;بروناي دار السلام;BN;Brunei Darussalam;Nation of Brunei;the Abode of Peace",Asia,https://github.com/mledoze/countries
BTN,BT,064,Bhutan,بوتان,Bhutan;Kingdom of Bhutan;بوتان;مملكة بوتان;BT,Asia,https://github.com/mledoze/countries
BVT,BV,074,Bouvet Island,جزر بوفيه,Bouvet Island;جزر بوفيه;BV;Bouvetøya;Bouvet-øya,Antarctic,https://github.com/mledoze/countries
BWA,BW,072,Botswana,بوتسوانا,Botswana;Republic of Botswana;بوتسوانا;جمهورية بوتسوانا;BW;Lefatshe la Botswana,Africa,https://github.com/mledoze/countries
CAF,CF,140,Central African Republic,جمهورية أفريقيا الوسطى,Central African Republic;جمهورية أفريقيا الوسطى;CF;République centrafricaine,Africa,https://github.com/mledoze/countries
CAN,CA,124,Canada,كندا,Canada;كندا;CA,Americas,https://github.com/mledoze/countries
CCK,CC,166,Cocos (Keeling) Islands,جزر كوكوس,Cocos (Keeling) Islands;Territory of the Cocos (Keeling) Islands;جزر كوكوس;إقليم جزر كوكوس;CC;Keeling Islands;Cocos Islands,Oceania,https://github.com/mledoze/countries
CHE,CH,756,Switzerland,سويسرا,Switzerland;Swiss Confederation;سويسرا;الاتحاد السويسري;CH;Schweiz;Suisse;Svizzera,Europe,https://github.com/mledoze/countries
CHL,CL,152,Chile,تشيلي,Chile;Republic of Chile;تشيلي;جمهورية تشيلي;CL;República de Chile,Americas,https://github.com/mledoze/countries
CHN,CN,156,China,الصين,China;People's Republic of China;الصين;جمهورية الصين الشعبية;CN;Zhōngguó;Zhongguo;Zhonghua,Asia,https://github.com/mledoze/countries
CIV,CI,384,Ivory Coast,ساحل العاج,Ivory Coast;Republic of Côte d'Ivoire;ساحل العاج;جمهورية ساحل العاج;CI;Côte d'Ivoire;Cote d'Ivoire,Africa,https://github.com/mledoze/countries
CMR,CM,120,Cameroon,الكاميرون,Cameroon;Republic of Cameroon;الكاميرون;جمهورية الكاميرون;CM;République du Cameroun,Africa,https://github.com/mledoze/countries
COD,CD,180,DR Congo,الكونغو,"DR Congo;Democratic Republic of the Congo;الكونغو;جمهورية الكونغو الديمقراطية;CD;Congo-Kinshasa;Congo, the Democratic Republic of the;Democratic Republic of Congo",Africa,https://github.com/mledoze/countries
COG,CG,178,Congo,جمهورية الكونغو,Congo;Republic of the Congo;جمهورية الكونغو;CG;Congo-Brazzaville,Africa,https://github.com/mledoze/countries
COK,CK,184,Cook Islands,جزر كوك,Cook Islands;جزر كوك;CK;Kūki 'Āirani,Oceania,https://github.com/mledoze/countries
COL,CO,170,Colombia,كولومبيا,Colombia;Republic of Colombia;كولومبيا;جمهورية كولومبيا;CO;República de Colombia,Americas,https://github.com/mledoze/countries
COM,KM,174,Comoros,جزر القمر,Comoros;Union of the Comoros;جزر القمر;الإتحاد القمري;KM;Union des Comores;Udzima wa Komori;al-Ittiḥād al-Qumurī,Africa,https://github.com/mledoze/countries
CPV,CV,132,Cape Verde,كابو فيردي,Cape Verde;Republic of Cabo Verde;كابو فيردي;جمهورية كابو فيردي;CV;República de Cabo Verde,Africa,https://github.com/mledoze/countries
CRI,CR,188,Costa Rica,كوستاريكا,Costa Rica;Republic of Costa Rica;كوستاريكا;جمهورية كوستاريكا;CR;República de Costa Rica,Americas,https://github.com/mledoze/countries
CUB,CU,192,Cuba,كوبا,Cuba;Republic of Cuba;كوبا;جمهورية كوبا;CU;República de Cuba,Americas,https://github.com/mledoze/countries
CUW,CW,531,Curaçao,كوراساو,Curaçao;Country of Curaçao;كوراساو;دولة كوراساو;CW;Curacao;Kòrsou;Land Curaçao,Americas,https://github.com/mledoze/countries
CXR,CX,162,Christmas Island,جزيرة كريسماس,Christmas Island;Territory of Christmas Island;جزيرة كريسماس;CX,Oceania,https://github.com/mledoze/countries
CYM,KY,136,Cayman Islands,جزر كايمان,Cayman Islands;جزر كايمان;KY,Americas,https://github.com/mledoze/countries
CYP,CY,196,Cyprus,قبرص,Cyprus;Republic of Cyprus;قبرص;جمهورية قبرص;CY;Kýpros;Kıbrıs;Κυπριακή Δημοκρατία,Europe,https://github.com/mledoze/countries
CZE,CZ,203,Czechia,التشيك,Czechia;Czech Republic;التشيك;جمهورية التشيك;CZ;Česká republika;Česko,Europe,https://github.com/mledoze/countries
DEU,DE,276,Germany,ألمانيا,Germany;Federal Republic of Germany;ألمانيا;جمهورية ألمانيا الاتحادية;DE;Bundesrepublik Deutschland,Europe,https://github.com/mledoze/countries
DJI,DJ,262,Djibouti,جيبوتي,Djibouti;Republic of Djibouti;جيبوتي;جمهورية جيبوتي;DJ;Jabuuti;Gabuuti;République de Djibouti,Africa,https://github.com/mledoze/countries
DMA,DM,212,Dominica,دومينيكا,Dominica;Commonwealth of Dominica;دومينيكا;كومونولث دومينيكا;DM;Dominique;Wai‘tu kubuli,Americas,https://github.com/mledoze/countries
DNK,DK,208,Denmark,الدنمارك,Denmark;Kingdom of Denmark;الدنمارك;مملكة الدنمارك;DK;Danmark;Kongeriget Danmark,Europe,https://github.com/mledoze/countries
DOM,DO,214,Dominican Republic,جمهورية الدومينيكان,Dominican Republic;جمهورية الدومينيكان;DO,Americas,https://github.com/mledoze/countries
DZA,DZ,012,Algeria,الجزائر,Algeria;People's Democratic Republic of Algeria;الجزائر;الجمهورية الديمقراطية الشعبية الجزائرية;DZ;Dzayer;Algérie,Africa,https://github.com/mledoze/countries
ECU,EC,218,Ecuador,الإكوادور,Ecuador;Republic of Ecuador;الإكوادور;جمهورية الإكوادور;EC;República del Ecuador,Americas,https://github.com/mledoze/countries
EGY,EG,818,Egypt,مصر,Egypt;Arab Republic of Egypt;مصر;جمهورية مصر العربية;EG,Africa,https://github.com/mledoze/countries
ERI,ER,232,Eritrea,إريتريا,Eritrea;State of Eritrea;إريتريا;دولة إريتريا;ER;ሃገረ ኤርትራ;Dawlat Iritriyá;ʾErtrā,Africa,https://github.com/mledoze/countries
ESH,EH,732,Western Sahara,الصحراء الغربية,Western Sahara;Sahrawi Arab Democratic Republic;الصحراء الغربية;الجمهورية العربية الصحراوية الديمقراطية;EH;Taneẓroft Tutrimt,Africa,https://github.com/mledoze/countries
ESP,ES,724,Spain,إسبانيا,Spain;Kingdom of Spain;إسبانيا;مملكة إسبانيا;ES;Reino de España,Europe,https://github.com/mledoze/countries
EST,EE,233,Estonia,إستونيا,Estonia;Republic of Estonia;إستونيا;جمهورية إستونيا;EE;Eesti;Eesti Vabariik,Europe,https://github.com/mledoze/countries
ETH,ET,231,Ethiopia,إثيوبيا,Ethiopia;Federal Democratic Republic of Ethiopia;إثيوبيا;جمهورية إثيوبيا الفدرالية الديموقراطية;ET;ʾĪtyōṗṗyā;የኢትዮጵያ ፌዴራላዊ ዲሞክራሲያዊ ሪፐብሊክ,Africa,https://github.com/mledoze/countries
FIN,FI,246,Finland,فنلندا,Finland;Republic of Finland;فنلندا;جمهورية فنلندا;FI;Suomi;Suomen tasavalta;Republiken Finland,Europe,https://github.com/mledoze/countries
FJI,FJ,242,Fiji,فيجي,Fiji;Republic of Fiji;فيجي;جمهورية جزر فيجي;FJ;Viti;Matanitu ko Viti;Fijī Gaṇarājya,Oceania,https://github.com/mledoze/countries
FLK,FK,238,Falkland Islands,جزر فوكلاند,Falkland Islands;جزر فوكلاند;FK;Islas Malvinas;Falkland Islands (Malvinas),Americas,https://github.com/mledoze/countries
FRA,FR,250,France,فرنسا,France;French Republic;فرنسا;الجمهورية الفرنسية;FR;République française,Europe,https://github.com/mledoze/countries
FRO,FO,234,Faroe Islands,جزر فارو,Faroe Islands;جزر فارو;FO;Føroyar;Færøerne;Faeroe Islands,Europe,https://github.com/mledoze/countries
FSM,FM,583,Micronesia,ميكرونيسيا,"Micronesia;Federated States of Micronesia;ميكرونيسيا;ولايات ميكرونيسيا المتحدة;FM;Micronesia, Federated States of",Oceania,https://github.com/mledoze/countries
GAB,GA,266,Gabon,الغابون,Gabon;Gabonese Republic;الغابون;جمهورية الغابون;GA;République Gabonaise,Africa,https://github.com/mledoze/countries
GBR,GB,826,United Kingdom,المملكة المتحدة,United Kingdom;United Kingdom of Great Britain and Northern Ireland;المملكة المتحدة;المملكة المتحدة لبريطانيا العظمى وايرلندا الشمالية;GB;UK;Great Britain,Europe,https://github.com/mledoze/countries
GEO,GE,268,Georgia,جورجيا,Georgia;جورجيا;GE;Sakartvelo,Asia,https://github.com/mledoze/countries
GGY,GG,831,Guernsey,غيرنزي,Guernsey;Bailiwick of Guernsey;غيرنزي;GG;Bailliage de Guernesey,Europe,https://github.com/mledoze/countries
GHA,GH,288,Ghana,غانا,Ghana;Republic of Ghana;غانا;جمهورية غانا;GH,Africa,https://github.com/mledoze/countries
GIB,GI,292,Gibraltar,جبل طارق,Gibraltar;جبل طارق;GI,Europe,https://github.com/mledoze/countries
GIN,GN,324,Guinea,غينيا,Guinea;Republic of Guinea;غينيا;جمهورية غينيا;GN;République de Guinée,Africa,https://github.com/mledoze/countries
GLP,GP,312,Guadeloupe,غوادلوب,Guadeloupe;غوادلوب;GP;Gwadloup,Americas,https://github.com/mledoze/countries
GMB,GM,270,Gambia,غامبيا,Gambia;Republic of the Gambia;غامبيا;جمهورية غامبيا;GM,Africa,https://github.com/mledoze/countries
GNB,GW,624,Guinea-Bissau,غينيا بيساو,Guinea-Bissau;Republic of Guinea-Bissau;غينيا بيساو;جمهورية غينيا بيساو;GW;República da Guiné-Bissau,Africa,https://github.com/mledoze/countries
GNQ,GQ,226,Equatorial Guinea,غينيا الاستوائية,Equatorial Guinea;Republic of Equatorial Guinea;غينيا الاستوائية;جمهورية غينيا الاستوائية;GQ;República de Guinea Ecuatorial;République de Guinée équatoriale;República da Guiné Equatorial,Africa,https://github.com/mledoze/countries
GRC,GR,300,Greece,اليونان,Greece;Hellenic Republic;اليونان;الجمهورية الهيلينية;GR;Elláda;Ελληνική Δημοκρατία,Europe,https://github.com/mledoze/countries
GRD,GD,308,Grenada,غرينادا,Grenada;غرينادا;GD,Americas,https://github.com/mledoze/countries
GRL,GL,304,Greenland,جرينلاند,Greenland;جرينلاند;GL;Grønland,Americas,https://github.com/mledoze/countries
GTM,GT,320,Guatemala,غواتيمالا,Guatemala;Republic of Guatemala;غواتيمالا;جمهورية غواتيمالا;GT,Americas,https://github.com/mledoze/countries
GUF,GF,254,French Guiana,غويانا,French Guiana;Guiana;غويانا;غويانا الفرنسية;GF;Guyane,Americas,https://github.com/mledoze/countries
GUM,GU,316,Guam,غوام,Guam;غوام;GU;Guåhån,Oceania,https://github.com/mledoze/countries
GUY,GY,328,Guyana,غيانا,Guyana;Co-operative Republic of Guyana;غيانا;جمهورية غيانا التعاونية;GY,Americas,https://github.com/mledoze/countries
HKG,HK,344,Hong Kong,هونغ كونغ,Hong Kong;Hong Kong Special Administrative Region of the People's Republic of China;هونغ كونغ;منطقة هونغ كونغ الادارية التابعة لجمهورية الصين الشعبية;HK,Asia,https://github.com/mledoze/countries
HMD,HM,334,Heard Island and McDonald Islands,جزيرة هيرد وجزر ماكدونالد,Heard Island and McDonald Islands;جزيرة هيرد وجزر ماكدونالد;HM,Antarctic,https://github.com/mledoze/countries
HND,HN,340,Honduras,هندوراس,Honduras;Republic of Honduras;هندوراس;جمهورية هندوراس;HN;República de Honduras,Americas,https://github.com/mledoze/countries
HRV,HR,191,Croatia,كرواتيا,Croatia;Republic of Croatia;كرواتيا;جمهورية كرواتيا;HR;Hrvatska;Republika Hrvatska,Europe,https://github.com/mledoze/countries
HTI,HT,332,Haiti,هايتي,Haiti;Republic of Haiti;هايتي;جمهورية هايتي;HT;République d'Haïti;Repiblik Ayiti,Americas,https://github.com/mledoze/countries
HUN,HU,348,Hungary,المجر,Hungary;المجر;الجمهورية المجرية;HU,Europe,https://github.com/mledoze/countries
IDN,ID,360,Indonesia,إندونيسيا,Indonesia;Republic of Indonesia;إندونيسيا;جمهورية إندونيسيا;ID;Republik Indonesia,Asia,https://github.com/mledoze/countries
IMN,IM,833,Isle of Man,جزيرة مان,Isle of Man;جزيرة مان;IM;Ellan Vannin;Mann;Mannin,Europe,https://github.com/mledoze/countries
IND,IN,356,India,الهند,India;Republic of India;الهند;جمهورية الهند;IN;Bhārat;Bharat Ganrajya;இந்தியா,Asia,https://github.com/mledoze/countries
IOT,IO,086,British Indian Ocean Territory,إقليم المحيط الهندي البريطاني,British Indian Ocean Territory;إقليم المحيط الهندي البريطاني;IO,Africa,https://github.com/mledoze/countries
IRL,IE,372,Ireland,أيرلندا,Ireland;Republic of Ireland;أيرلندا;جمهورية أيرلندا;IE;Éire;Poblacht na hÉireann,Europe,https://github.com/mledoze/countries
IRN,IR,364,Iran,إيران,"Iran;Islamic Republic of Iran;إيران;جمهورية إيران الإسلامية;IR;Iran, Islamic Republic of;Jomhuri-ye Eslāmi-ye Irān",Asia,https://github.com/mledoze/countries
IRQ,IQ,368,Iraq,العراق,Iraq;Republic of Iraq;العراق;جمهورية العراق;IQ;Jumhūriyyat al-‘Irāq,Asia,https://github.com/mledoze/countries
ISL,IS,352,Iceland,آيسلندا,Iceland;آيسلندا;IS;Island;Republic of Iceland;Lýðveldið Ísland,Europe,https://github.com/mledoze/countries
ISR,IL,376,Israel,إسرائيل,Israel;State of Israel;إسرائيل;دولة إسرائيل;IL;Medīnat Yisrā'el,Asia,https://github.com/mledoze/countries
ITA,IT,380,Italy,إيطاليا,Italy;Italian Republic;إيطاليا;الجمهورية الإيطالية;IT;Repubblica italiana,Europe,https://github.com/mledoze/countries
JAM,JM,388,Jamaica,جامايكا,Jamaica;جامايكا;JM,Americas,https://github.com/mledoze/countries
JEY,JE,832,Jersey,جيرزي,Jersey;Bailiwick of Jersey;جيرزي;JE;Bailliage de Jersey;Bailliage dé Jèrri,Europe,https://github.com/mledoze/countries
JOR,JO,400,Jordan,الأردن,Jordan;Hashemite Kingdom of Jordan;الأردن;المملكة الأردنية الهاشمية;JO;al-Mamlakah al-Urdunīyah al-Hāshimīyah,Asia,https://github.com/mledoze/countries
JPN,JP,392,Japan,اليابان,Japan;اليابان;JP;Nippon;Nihon,Asia,https://github.com/mledoze/countries
KAZ,KZ,398,Kazakhstan,كازاخستان,Kazakhstan;Republic of Kazakhstan;كازاخستان;جمهورية كازاخستان;KZ;Qazaqstan;Казахстан;Қазақстан Республикасы,Asia,https://github.com/mledoze/countries
KEN,KE,404,Kenya,كينيا,Kenya;Republic of Kenya;كينيا;جمهورية كينيا;KE;Jamhuri ya Kenya,Africa,https://github.com/mledoze/countries
KGZ,KG,417,Kyrgyzstan,قيرغيزستان,Kyrgyzstan;Kyrgyz Republic;قيرغيزستان;الجمهورية القيرغيزية;KG;Киргизия;Кыргыз Республикасы;Kyrgyz Respublikasy,Asia,https://github.com/mledoze/countries
KHM,KH,116,Cambodia,كمبوديا,Cambodia;Kingdom of Cambodia;كمبوديا;مملكة كمبوديا;KH,Asia,https://github.com/mledoze/countries
KIR,KI,296,Kiribati,كيريباتي,Kiribati;Independent and Sovereign Republic of Kiribati;كيريباتي;جمهورية كيريباتي;KI;Republic of Kiribati;Ribaberiki Kiribati,Oceania,https://github.com/mledoze/countries
KNA,KN,659,Saint Kitts and Nevis,سانت كيتس ونيفيس,Saint Kitts and Nevis;Federation of Saint Christopher and Nevis;سانت كيتس ونيفيس;اتحاد القديس كريستوفر ونيفيس;KN,Americas,https://github.com/mledoze/countries
KOR,KR,410,South Korea,كوريا الجنوبية,"South Korea;Republic of Korea;كوريا الجنوبية;جمهورية كوريا;KR;Korea, Republic of;남한;남조선",Asia,https://github.com/mledoze/countries
KWT,KW,414,Kuwait,الكويت,Kuwait;State of Kuwait;الكويت;دولة الكويت;KW;Dawlat al-Kuwait,Asia,https://github.com/mledoze/countries
LAO,LA,418,Laos,لاوس,Laos;Lao People's Democratic Republic;لاوس;جمهورية لاوس الديمقراطية الشعبية;LA;Lao;Sathalanalat Paxathipatai Paxaxon Lao,Asia,https://github.com/mledoze/countries
LBN,LB,422,Lebanon,لبنان,Lebanon;Lebanese Republic;لبنان;الجمهورية اللبنانية;LB;Al-Jumhūrīyah Al-Libnānīyah,Asia,https://github.com/mledoze/countries
LBR,LR,430,Liberia,ليبيريا,Liberia;Republic of Liberia;ليبيريا;جمهورية ليبيريا;LR,Africa,https://github.com/mledoze/countries
LBY,LY,434,Libya,ليبيا,Libya;State of Libya;ليبيا;دولة ليبيا;LY;Dawlat Libya,Africa,https://github.com/mledoze/countries
LCA,LC,662,Saint Lucia,سانت لوسيا,Saint Lucia;سانت لوسيا;LC,Americas,https://github.com/mledoze/countries
LIE,LI,438,Liechtenstein,ليختنشتاين,Liechtenstein;Principality of Liechtenstein;ليختنشتاين;إمارة ليختنشتاين;LI;Fürstentum Liechtenstein,Europe,https://github.com/mledoze/countries
LKA,LK,144,Sri Lanka,سريلانكا,Sri Lanka;Democratic Socialist Republic of Sri Lanka;سريلانكا;جمهورية سريلانكا الديمقراطية الشعبية;LK;ilaṅkai,Asia,https://github.com/mledoze/countries
LSO,LS,426,Lesotho,ليسوتو,Lesotho;Kingdom of Lesotho;ليسوتو;مملكة ليسوتو;LS;Muso oa Lesotho,Africa,https://github.com/mledoze/countries
LTU,LT,440,Lithuania,ليتوانيا,Lithuania;Republic of Lithuania;ليتوانيا;جمهورية ليتوانيا;LT;Lietuvos Respublika,Europe,https://github.com/mledoze/countries
LUX,LU,442,Luxembourg,لوكسمبورغ,Luxembourg;Grand Duchy of Luxembourg;لوكسمبورغ;دوقية لوكسمبورغ;LU;Grand-Duché de Luxembourg;Großherzogtum Luxemburg;Groussherzogtum Lëtzebuerg,Europe,https://github.com/mledoze/countries
LVA,LV,428,Latvia,لاتفيا,Latvia;Republic of Latvia;لاتفيا;جمهورية لاتفيا;LV;Latvijas Republika,Europe,https://github.com/mledoze/countries
MAC,MO,446,Macau,ماكاو,Macau;Macao Special Administrative Region of the People's Republic of China;ماكاو;منطقة ماكاو الإدارية التابعة لجمهورية الصين الشعبية;MO;澳门;Macao;中華人民共和國澳門特別行政區,Asia,https://github.com/mledoze/countries
MAF,MF,663,Saint Martin,سانت مارتن,Saint Martin;سانت مارتن;MF;Collectivity of Saint Martin;Collectivité de Saint-Martin;Saint Martin (French part),Americas,https://github.com/mledoze/countries
MAR,MA,504,Morocco,المغرب,Morocco;Kingdom of Morocco;المغرب;المملكة المغربية;MA;Al-Mamlakah al-Maġribiyah,Africa,https://github.com/mledoze/countries
MCO,MC,492,Monaco,موناكو,Monaco;Principality of Monaco;موناكو;إمارة موناكو;MC;Principauté de Monaco,Europe,https://github.com/mledoze/countries
MDA,MD,498,Moldova,مولدوڤا,"Moldova;Republic of Moldova;مولدوڤا;جمهورية مولدوڤا;MD;Moldova, Republic of;Republica Moldova",Europe,https://github.com/mledoze/countries
MDG,MG,450,Madagascar,مدغشقر,Madagascar;Republic of Madagascar;مدغشقر;جمهورية مدغشقر;MG;Repoblikan'i Madagasikara;République de Madagascar,Africa,https://github.com/mledoze/countries
MDV,MV,462,Maldives,المالديف,Maldives;Republic of the Maldives;المالديف;جمهورية المالديف;MV;Maldive Islands;Dhivehi Raajjeyge Jumhooriyya,Asia,https://github.com/mledoze/countries
MEX,MX,484,Mexico,المسكيك,Mexico;United Mexican States;المسكيك;الولايات المتحدة المكسيكية;MX;Mexicanos;Estados Unidos Mexicanos,Americas,https://github.com/mledoze/countries
MHL,MH,584,Marshall Islands,جزر مارشال,Marshall Islands;Republic of the Marshall Islands;جزر مارشال;جمهورية جزر مارشال;MH;Aolepān Aorōkin M̧ajeļ,Oceania,https://github.com/mledoze/countries
MKD,MK,807,North Macedonia,شمال مقدونيا,"North Macedonia;Republic of North Macedonia;شمال مقدونيا;جمهورية شمال مقدونيا;MK;The former Yugoslav Republic of Macedonia;Macedonia, The Former Yugoslav Republic of;Република Северна Македонија",Europe,https://github.com/mledoze/countries
MLI,ML,466,Mali,مالي,Mali;Republic of Mali;مالي;جمهورية مالي;ML;République du Mali,Africa,https://github.com/mledoze/countries
MLT,MT,470,Malta,مالطا,Malta;Republic of Malta;مالطا;جمهورية مالطا;MT;Repubblika ta' Malta,Europe,https://github.com/mledoze/countries
MMR,MM,104,Myanmar,ميانمار,Myanmar;Republic of the Union of Myanmar;ميانمار;جمهورية اتحاد ميانمار;MM;Burma;Pyidaunzu Thanmăda Myăma Nainngandaw,Asia,https://github.com/mledoze/countries
MNE,ME,499,Montenegro,الجبل الاسود,Montenegro;الجبل الاسود;ME;Crna Gora,Europe,https://github.com/mledoze/countries
MNG,MN,496,Mongolia,منغوليا,Mongolia;منغوليا;جمهورية منغوليا;MN,Asia,https://github.com/mledoze/countries
MNP,MP,580,Northern Mariana Islands,جزر ماريانا الشمالية,Northern Mariana Islands;Commonwealth of the Northern Mariana Islands;جزر ماريانا الشمالية;كومونولث جزر ماريانا الشمالية;MP;Sankattan Siha Na Islas Mariånas,Oceania,https://github.com/mledoze/countries
MOZ,MZ,508,Mozambique,موزمبيق,Mozambique;Republic of Mozambique;موزمبيق;جمهورية موزمبيق;MZ;República de Moçambique,Africa,https://github.com/mledoze/countries
MRT,MR,478,Mauritania,موريتانيا,Mauritania;Islamic Republic of Mauritania;موريتانيا;الجمهورية الإسلامية الموريتانية;MR;al-Jumhūriyyah al-ʾIslāmiyyah al-Mūrītāniyyah,Africa,https://github.com/mledoze/countries
MSR,MS,500,Montserrat,مونتسرات,Montserrat;مونتسرات;MS,Americas,https://github.com/mledoze/countries
MTQ,MQ,474,Martinique,مارتينيك,Martinique;مارتينيك;MQ,Americas,https://github.com/mledoze/countries
MUS,MU,480,Mauritius,موريشيوس,Mauritius;Republic of Mauritius;موريشيوس;جمهورية موريشيوس;MU;République de Maurice,Africa,https://github.com/mledoze/countries
MWI,MW,454,Malawi,مالاوي,Malawi;Republic of Malawi;مالاوي;جمهورية مالاوي;MW,Africa,https://github.com/mledoze/countries
MYS,MY,458,Malaysia,ماليزيا,Malaysia;ماليزيا;MY,Asia,https://github.com/mledoze/countries
MYT,YT,175,Mayotte,مايوت,Mayotte;Department of Mayotte;مايوت;YT;Département de Mayotte,Africa,https://github.com/mledoze/countries
NAM,NA,516,Namibia,ناميبيا,Namibia;Republic of Namibia;ناميبيا;جمهورية ناميبيا;NA;Namibië,Africa,https://github.com/mledoze/countries
NCL,NC,540,New Caledonia,كاليدونيا الجديدة,New Caledonia;كاليدونيا الجديدة;NC,Oceania,https://github.com/mledoze/countries
NER,NE,562,Niger,النيجر,Niger;Republic of Niger;النيجر;جمهورية النيجر;NE;Nijar,Africa,https://github.com/mledoze/countries
NFK,NF,574,Norfolk Island,جزيرة نورفولك,Norfolk Island;Territory of Norfolk Island;جزيرة نورفولك;إقليم جزيرة نورفولك;NF;Teratri of Norf'k Ailen,Oceania,https://github.com/mledoze/countries
NGA,NG,566,Nigeria,نيجيريا,Nigeria;Federal Republic of Nigeria;نيجيريا;جمهورية نيجيريا الاتحادية;NG;Nijeriya;Naíjíríà,Africa,https://github.com/mledoze/countries
NIC,NI,558,Nicaragua,نيكاراغوا,Nicaragua;Republic of Nicaragua;نيكاراغوا;جمهورية نيكاراغوا;NI;República de Nicaragua,Americas,https://github.com/mledoze/countries
NIU,NU,570,Niue,نييوي,Niue;نييوي;NU,Oceania,https://github.com/mledoze/countries
NLD,NL,528,Netherlands,هولندا,Netherlands;Kingdom of the Netherlands;هولندا;NL;Holland;Nederland;The Netherlands,Europe,https://github.com/mledoze/countries
NOR,NO,578,Norway,النرويج,Norway;Kingdom of Norway;النرويج;مملكة النرويج;NO;Norge;Noreg;Kongeriket Norge,Europe,https://github.com/mledoze/countries
NPL,NP,524,Nepal,نيبال,Nepal;Federal Democratic Republic of Nepal;نيبال;جمهورية نيبال الديمقراطية الاتحادية;NP;Loktāntrik Ganatantra Nepāl,Asia,https://github.com/mledoze/countries
NRU,NR,520,Nauru,ناورو,Nauru;Republic of Nauru;ناورو;جمهورية ناورو;NR;Naoero;Pleasant Island;Ripublik Naoero,Oceania,https://github.com/mledoze/countries
NZL,NZ,554,New Zealand,نيوزيلندا,New Zealand;نيوزيلندا;NZ;Aotearoa,Oceania,https://github.com/mledoze/countries
OMN,OM,512,Oman,عمان,Oman;Sultanate of Oman;عمان;سلطنة عمان;OM;Salṭanat ʻUmān,Asia,https://github.com/mledoze/countries
PAK,PK,586,Pakistan,باكستان,Pakistan;Islamic Republic of Pakistan;باكستان;جمهورية باكستان الإسلامية;PK;Pākistān;Islāmī Jumhūriya'eh Pākistān,Asia,https://github.com/mledoze/countries
PAN,PA,591,Panama,بنما,Panama;Republic of Panama;بنما;جمهورية بنما;PA;República de Panamá,Americas,https://github.com/mledoze/countries
PCN,PN,612,Pitcairn Islands,جزر بيتكيرن,Pitcairn Islands;Pitcairn Group of Islands;جزر بيتكيرن;PN;Pitcairn;Pitcairn Henderson Ducie and Oeno Islands,Oceania,https://github.com/mledoze/countries
PER,PE,604,Peru,بيرو,Peru;Republic of Peru;بيرو;جمهورية بيرو;PE;República del Perú,Americas,https://github.com/mledoze/countries
PHL,PH,608,Philippines,الفلبين,Philippines;Republic of the Philippines;الفلبين;جمهورية الفلبين;PH;Repúblika ng Pilipinas,Asia,https://github.com/mledoze/countries
PLW,PW,585,Palau,بالاو,Palau;Republic of Palau;بالاو;جمهورية بالاو;PW;Beluu er a Belau,Oceania,https://github.com/mledoze/countries
PNG,PG,598,Papua New Guinea,بابوا غينيا الجديدة,Papua New Guinea;Independent State of Papua New Guinea;بابوا غينيا الجديدة;دولة بابوا غينيا الجديدة;PG;Independen Stet bilong Papua Niugini,Oceania,https://github.com/mledoze/countries
POL,PL,616,Poland,بولندا,Poland;Republic of Poland;بولندا;الجمهورية البولندية;PL;Rzeczpospolita Polska,Europe,https://github.com/mledoze/countries
PRI,PR,630,Puerto Rico,بويرتوريكو,Puerto Rico;Commonwealth of Puerto Rico;بويرتوريكو;كومنولث بويرتوريكو;PR;Estado Libre Asociado de Puerto Rico,Americas,https://github.com/mledoze/countries
PRK,KP,408,North Korea,كوريا الشمالية,North Korea;Democratic People's Republic of Korea;كوريا الشمالية;جمهورية كوريا الديمقراطية الشعبية;KP;DPRK;조선민주주의인민공화국;Chosŏn Minjujuŭi Inmin Konghwaguk,Asia,https://github.com/mledoze/countries
PRT,PT,620,Portugal,البرتغال,Portugal;Portuguese Republic;البرتغال;الجمهورية البرتغالية;PT;Portuguesa;República Portuguesa,Europe,https://github.com/mledoze/countries
PRY,PY,600,Paraguay,باراغواي,Paraguay;Republic of Paraguay;باراغواي;جمهورية باراغواي;PY;República del Paraguay;Tetã Paraguái,Americas,https://github.com/mledoze/countries
PSE,PS,275,Palestine,فلسطين,"Palestine;State of Palestine;فلسطين;دولة فلسطين;PS;Palestine, State of;Dawlat Filasṭin",Asia,https://github.com/mledoze/countries
PYF,PF,258,French Polynesia,بولينزيا الفرنسية,French Polynesia;بولينزيا الفرنسية;PF;Polynésie française;Pōrīnetia Farāni,Oceania,https://github.com/mledoze/countries
QAT,QA,634,Qatar,قطر,Qatar;State of Qatar;قطر;دولة قطر;QA;Dawlat Qaṭar,Asia,https://github.com/mledoze/countries
REU,RE,638,Réunion,لا ريونيون,Réunion;Réunion Island;لا ريونيون;جزيرة لا ريونيون;RE;Reunion,Africa,https://github.com/mledoze/countries
ROU,RO,642,Romania,رومانيا,Romania;رومانيا;RO;Rumania;Roumania;România,Europe,https://github.com/mledoze/countries
RUS,RU,643,Russia,روسيا,Russia;Russian Federation;روسيا;روسيا الاتحادية;RU;Российская Федерация,Europe,https://github.com/mledoze/countries
RWA,RW,646,Rwanda,رواندا,Rwanda;Republic of Rwanda;رواندا;جمهورية رواندا;RW;Repubulika y'u Rwanda;République du Rwanda,Africa,https://github.com/mledoze/countries
SAU,SA,682,Saudi Arabia,السعودية,Saudi Arabia;Kingdom of Saudi Arabia;السعودية;المملكة العربية السعودية;Saudi;SA;Al-Mamlakah al-‘Arabiyyah as-Su‘ūdiyyah,Asia,https://github.com/mledoze/countries
SDN,SD,729,Sudan,السودان,Sudan;Republic of the Sudan;السودان;جمهورية السودان;SD;Jumhūrīyat as-Sūdān,Africa,https://github.com/mledoze/countries
SEN,SN,686,Senegal,السنغال,Senegal;Republic of Senegal;السنغال;جمهورية السنغال;SN;République du Sénégal,Africa,https://github.com/mledoze/countries
SGP,SG,702,Singapore,سنغافورة,Singapore;Republic of Singapore;سنغافورة;جمهورية سنغافورة;SG;Singapura;Republik Singapura;新加坡共和国,Asia,https://github.com/mledoze/countries
SGS,GS,239,South Georgia,جورجيا الجنوبية,South Georgia;South Georgia and the South Sandwich Islands;جورجيا الجنوبية;جورجيا الجنوبية وجزر ساندوتش الجنوبية;GS,Antarctic,https://github.com/mledoze/countries
SHN,SH,654,"Saint Helena, Ascension and Tristan da Cunha",سانت هيلينا وأسينشين وتريستان دا كونا,"Saint Helena, Ascension and Tristan da Cunha;سانت هيلينا وأسينشين وتريستان دا كونا;Saint Helena;St. Helena, Ascension and Tristan da Cunha",Africa,https://github.com/mledoze/countries
SJM,SJ,744,Svalbard and Jan Mayen,سفالبارد ويان ماين,Svalbard and Jan Mayen;Svalbard og Jan Mayen;سفالبارد ويان ماين;SJ;Svalbard and Jan Mayen Islands,Europe,https://github.com/mledoze/countries
SLB,SB,090,Solomon Islands,جزر سليمان,Solomon Islands;جزر سليمان;SB,Oceania,https://github.com/mledoze/countries
SLE,SL,694,Sierra Leone,سيراليون,Sierra Leone;Republic of Sierra Leone;سيراليون;جمهورية سيراليون;SL,Africa,https://github.com/mledoze/countries
SLV,SV,222,El Salvador,السلفادور,El Salvador;Republic of El Salvador;السلفادور;جمهورية السلفادور;SV;República de El Salvador,Americas,https://github.com/mledoze/countries
SMR,SM,674,San Marino,سان مارينو,San Marino;Most Serene Republic of San Marino;سان مارينو;جمهورية سان مارينو;SM;Republic of San Marino;Repubblica di San Marino,Europe,https://github.com/mledoze/countries
SOM,SO,706,Somalia,الصومال,Somalia;Federal Republic of Somalia;الصومال;جمهورية الصومال الفيدرالية;SO;aṣ-Ṣūmāl;Jamhuuriyadda Federaalka Soomaaliya;Jumhūriyyat aṣ-Ṣūmāl al-Fiderāliyya,Africa,https://github.com/mledoze/countries
SPM,PM,666,Saint Pierre and Miquelon,سان بيير وميكلون,Saint Pierre and Miquelon;سان بيير وميكلون;PM;Collectivité territoriale de Saint-Pierre-et-Miquelon,Americas,https://github.com/mledoze/countries
SRB,RS,688,Serbia,صيربيا,Serbia;Republic of Serbia;صيربيا;جمهورية صيربيا;RS;Srbija;Republika Srbija;Србија;Република Србија,Europe,https://github.com/mledoze/countries
SSD,SS,728,South Sudan,جنوب السودان,South Sudan;Republic of South Sudan;جنوب السودان;جمهورية جنوب السودان;SS,Africa,https://github.com/mledoze/countries
STP,ST,678,São Tomé and Príncipe,ساو تومي وبرينسيب,São Tomé and Príncipe;Democratic Republic of São Tomé and Príncipe;ساو تومي وبرينسيب;جمهورية ساو تومي وبرينسيب الديمقراطية;ST;Sao Tome and Principe;República Democrática de São Tomé e Príncipe,Africa,https://github.com/mledoze/countries
SUR,SR,740,Suriname,سورينام,Suriname;Republic of Suriname;سورينام;جمهورية سورينام;SR;Sarnam;Sranangron;Republiek Suriname,Americas,https://github.com/mledoze/countries
SVK,SK,703,Slovakia,سلوفاكيا,Slovakia;Slovak Republic;سلوفاكيا;جمهورية سلوفاكيا;SK;Slovenská republika,Europe,https://github.com/mledoze/countries
SVN,SI,705,Slovenia,سلوفينيا,Slovenia;Republic of Slovenia;سلوفينيا;جمهورية سلوفينيا;SI;Republika Slovenija,Europe,https://github.com/mledoze/countries
SWE,SE,752,Sweden,السويد,Sweden;Kingdom of Sweden;السويد;مملكة السويد;SE;Konungariket Sverige,Europe,https://github.com/mledoze/countries
SWZ,SZ,748,Eswatini,إسواتيني,Eswatini;Kingdom of Eswatini;إسواتيني;مملكة إسواتيني;SZ;Swaziland;weSwatini;Swatini;Ngwane,Africa,https://github.com/mledoze/countries
SXM,SX,534,Sint Maarten,سينت مارتن,Sint Maarten;سينت مارتن;SX;Sint Maarten (Dutch part),Americas,https://github.com/mledoze/countries
SYC,SC,690,Seychelles,سيشل,Seychelles;Republic of Seychelles;سيشل;جمهورية سيشل;SC;Repiblik Sesel;République des Seychelles,Africa,https://github.com/mledoze/countries
SYR,SY,760,Syria,سوريا,Syria;Syrian Arab Republic;سوريا;الجمهورية العربية السورية;SY;Al-Jumhūrīyah Al-ʻArabīyah As-Sūrīyah,Asia,https://github.com/mledoze/countries
TCA,TC,796,Turks and Caicos Islands,جزر توركس وكايكوس,Turks and Caicos Islands;جزر توركس وكايكوس;TC,Americas,https://github.com/mledoze/countries
TCD,TD,148,Chad,تشاد,Chad;Republic of Chad;تشاد;جمهورية تشاد;TD;Tchad;République du Tchad,Africa,https://github.com/mledoze/countries
TGO,TG,768,Togo,توغو,Togo;Togolese Republic;توغو;جمهورية توغو;TG;Togolese;République Togolaise,Africa,https://github.com/mledoze/countries
THA,TH,764,Thailand,تايلند,Thailand;Kingdom of Thailand;تايلند;مملكة تايلند;TH;Prathet;Thai;ราชอาณาจักรไทย,Asia,https://github.com/mledoze/countries
TJK,TJ,762,Tajikistan,طاجيكستان,Tajikistan;Republic of Tajikistan;طاجيكستان;جمهورية طاجيكستان;TJ;Toçikiston;Ҷумҳурии Тоҷикистон;Çumhuriyi Toçikiston,Asia,https://github.com/mledoze/countries
TKL,TK,772,Tokelau,توكيلاو,Tokelau;توكيلاو;TK,Oceania,https://github.com/mledoze/countries
TKM,TM,795,Turkmenistan,تركمانستان,Turkmenistan;تركمانستان;TM,Asia,https://github.com/mledoze/countries
TLS,TL,626,Timor-Leste,تيمور الشرقية,Timor-Leste;Democratic Republic of Timor-Leste;تيمور الشرقية;جمهورية تيمور الشرقية الديمقراطية;TL;East Timor;Timor;República Democrática de Timor-Leste,Asia,https://github.com/mledoze/countries
TON,TO,776,Tonga,تونغا,Tonga;Kingdom of Tonga;تونغا;مملكة تونغا;TO,Oceania,https://github.com/mledoze/countries
TTO,TT,780,Trinidad and Tobago,ترينيداد وتوباغو,Trinidad and Tobago;Republic of Trinidad and Tobago;ترينيداد وتوباغو;جمهورية ترينيداد وتوباغو;TT,Americas,https://github.com/mledoze/countries
TUN,TN,788,Tunisia,تونس,Tunisia;Tunisian Republic;تونس;الجمهورية التونسية;TN;Republic of Tunisia;al-Jumhūriyyah at-Tūnisiyyah,Africa,https://github.com/mledoze/countries
TUR,TR,792,Türkiye,تركيا,Türkiye;Republic of Türkiye;تركيا;الجمهورية التركية;TR;Turkiye;Republic of Turkey;Türkiye Cumhuriyeti;Turkey,Asia,https://github.com/mledoze/countries
TUV,TV,798,Tuvalu,توفالو,Tuvalu;توفالو;TV,Oceania,https://github.com/mledoze/countries
TWN,TW,158,Taiwan,تايوان,Taiwan;Republic of China (Taiwan);تايوان;جمهورية الصين (تايوان);TW;Táiwān;Republic of China;中華民國;Zhōnghuá Mínguó,Asia,https://github.com/mledoze/countries
TZA,TZ,834,Tanzania,تنزانيا,"Tanzania;United Republic of Tanzania;تنزانيا;جمهورية تنزانيا الاتحادية;TZ;Tanzania, United Republic of;Jamhuri ya Muungano wa Tanzania",Africa,https://github.com/mledoze/countries
UGA,UG,800,Uganda,أوغندا,Uganda;Republic of Uganda;أوغندا;جمهورية أوغندا;UG;Jamhuri ya Uganda,Africa,https://github.com/mledoze/countries
UKR,UA,804,Ukraine,أوكرانيا,Ukraine;أوكرانيا;UA;Ukrayina,Europe,https://github.com/mledoze/countries
UMI,UM,581,United States Minor Outlying Islands,جزر الولايات المتحدة الصغيرة النائية,United States Minor Outlying Islands;جزر الولايات المتحدة الصغيرة النائية;UM,Americas,https://github.com/mledoze/countries
UNK,XK,,Kosovo,كوسوفو,Kosovo;Republic of Kosovo;كوسوفو;جمهورية كوسوفو;XK;Република Косово,Europe,https://github.com/mledoze/countries
URY,UY,858,Uruguay,الأوروغواي,Uruguay;Oriental Republic of Uruguay;الأوروغواي;جمهورية الأوروغواي الشرقية;UY;República Oriental del Uruguay,Americas,https://github.com/mledoze/countries
USA,US,840,United States,الولايات المتحدة,United States;United States of America;الولايات المتحدة;الولايات المتحدة الامريكية;US;USA,Americas,https://github.com/mledoze/countries
UZB,UZ,860,Uzbekistan,أوزباكستان,Uzbekistan;Republic of Uzbekistan;أوزباكستان;جمهورية أوزباكستان;UZ;O‘zbekiston Respublikasi;Ўзбекистон Республикаси,Asia,https://github.com/mledoze/countries
VAT,VA,336,Vatican City,مدينة الفاتيكان,Vatican City;Vatican City State;مدينة الفاتيكان;دولة مدينة الفاتيكان;VA;Holy See (Vatican City State);Vatican;Stato della Città del Vaticano,Europe,https://github.com/mledoze/countries
VCT,VC,670,Saint Vincent and the Grenadines,سانت فينسنت والغرينادين,Saint Vincent and the Grenadines;سانت فينسنت والغرينادين;VC,Americas,https://github.com/mledoze/countries
VEN,VE,862,Venezuela,فنزويلا,"Venezuela;Bolivarian Republic of Venezuela;فنزويلا;جمهورية فنزويلا البوليفارية;VE;Venezuela, Bolivarian Republic of;República Bolivariana de Venezuela",Americas,https://github.com/mledoze/countries
VGB,VG,092,British Virgin Islands,جزر العذراء,"British Virgin Islands;Virgin Islands;جزر العذراء;جزر العذراء البريطانية;VG;Virgin Islands, British",Americas,https://github.com/mledoze/countries
VIR,VI,850,United States Virgin Islands,جزر العذراء الامريكية,"United States Virgin Islands;Virgin Islands of the United States;جزر العذراء الامريكية;VI;Virgin Islands, U.S.",Americas,https://github.com/mledoze/countries
VNM,VN,704,Vietnam,فيتنام,Vietnam;Socialist Republic of Vietnam;فيتنام;جمهورية فيتنام الاشتراكية;VN;Cộng hòa Xã hội chủ nghĩa Việt Nam;Viet Nam,Asia,https://github.com/mledoze/countries
VUT,VU,548,Vanuatu,فانواتو,Vanuatu;Republic of Vanuatu;فانواتو;جمهورية فانواتو;VU;Ripablik blong Vanuatu;République de Vanuatu,Oceania,https://github.com/mledoze/countries
WLF,WF,876,Wallis and Futuna,واليس وفوتونا,Wallis and Futuna;Territory of the Wallis and Futuna Islands;واليس وفوتونا;إقليم جزر واليس وفوتونا;WF;Territoire des îles Wallis et Futuna,Oceania,https://github.com/mledoze/countries
WSM,WS,882,Samoa,ساموا,Samoa;Independent State of Samoa;ساموا;دولة ساموا المستقلة;WS;Malo Saʻoloto Tutoʻatasi o Sāmoa,Oceania,https://github.com/mledoze/countries
YEM,YE,887,Yemen,اليمن,Yemen;Republic of Yemen;اليمن;الجمهورية اليمنية;YE;Yemeni Republic;al-Jumhūriyyah al-Yamaniyyah,Asia,https://github.com/mledoze/countries
ZAF,ZA,710,South Africa,جنوب أفريقيا,South Africa;Republic of South Africa;جنوب أفريقيا;جمهورية جنوب أفريقيا;ZA;RSA;Suid-Afrika,Africa,https://github.com/mledoze/countries
ZMB,ZM,894,Zambia,زامبيا,Zambia;Republic of Zambia;زامبيا;جمهورية زامبيا;ZM,Africa,https://github.com/mledoze/countries
ZWE,ZW,716,Zimbabwe,زيمبابوي,Zimbabwe;Republic of Zimbabwe;زيمبابوي;جمهورية زيمبابوي;ZW,Africa,https://github.com/mledoze/countries
